{"cameraMode":{"drawMode":0,"name":"Shaded","section":"Shading Mode"},"sceneLighting":false,"audioPlay":false,"sceneViewState":{"m_AlwaysRefresh":false,"showFog":true,"showSkybox":false,"showFlares":true,"showImageEffects":true,"showParticleSystems":true,"showVisualEffectGraphs":true,"m_FxEnabled":true},"in2DMode":false,"pivot":{"x":-0.0003236234188079834,"y":0.022400017827749254,"z":0.2630367875099182},"rotation":{"x":-0.104786217212677,"y":0.7537112832069397,"z":-0.1237960234284401,"w":-0.6369882822036743},"size":0.14804449677467347,"orthographic":false}