{"cameraMode":{"drawMode":0,"name":"Shaded","section":"Shading Mode"},"sceneLighting":false,"audioPlay":false,"sceneViewState":{"m_AlwaysRefresh":false,"showFog":true,"showSkybox":false,"showFlares":true,"showImageEffects":true,"showParticleSystems":true,"showVisualEffectGraphs":true,"m_FxEnabled":true},"in2DMode":false,"pivot":{"x":0.5796204805374146,"y":1.1614859104156495,"z":0.34295547008514407},"rotation":{"x":-0.02009846828877926,"y":-0.010507053695619107,"z":-0.0003485984343569726,"w":0.999786913394928},"size":0.17672069370746613,"orthographic":false}