{"cameraMode":{"drawMode":0,"name":"Shaded","section":"Shading Mode"},"sceneLighting":false,"audioPlay":false,"sceneViewState":{"m_AlwaysRefresh":false,"showFog":false,"showSkybox":false,"showFlares":false,"showImageEffects":false,"showParticleSystems":false,"showVisualEffectGraphs":true,"m_FxEnabled":true},"in2DMode":false,"pivot":{"x":-0.4632284641265869,"y":5.472160339355469,"z":1.3499486446380616},"rotation":{"x":0.0008346231188625097,"y":0.9900659918785095,"z":-0.14144006371498109,"w":0.006572343874722719},"size":1.3839458227157593,"orthographic":false}