{"cameraMode":{"drawMode":0,"name":"Shaded","section":"Shading Mode"},"sceneLighting":false,"audioPlay":false,"sceneViewState":{"m_AlwaysRefresh":false,"showFog":false,"showSkybox":false,"showFlares":false,"showImageEffects":false,"showParticleSystems":false,"showVisualEffectGraphs":true,"m_FxEnabled":true},"in2DMode":false,"pivot":{"x":-0.0003115414292551577,"y":1.6450719833374024,"z":0.016385061666369439},"rotation":{"x":0.09879457950592041,"y":-0.8789482712745667,"z":0.20819091796875,"w":0.4178726375102997},"size":0.029289301484823228,"orthographic":false}