{"cameraMode":{"drawMode":0,"name":"Shaded","section":"Shading Mode"},"sceneLighting":false,"audioPlay":false,"sceneViewState":{"m_AlwaysRefresh":false,"showFog":true,"showSkybox":false,"showFlares":true,"showImageEffects":true,"showParticleSystems":true,"showVisualEffectGraphs":true,"m_FxEnabled":true},"in2DMode":false,"pivot":{"x":0.2764365077018738,"y":0.5117583274841309,"z":-3.7398414611816408},"rotation":{"x":-0.16598086059093476,"y":-0.026034068316221238,"z":0.004383726045489311,"w":-0.9857876300811768},"size":0.942156970500946,"orthographic":false}