{"cameraMode":{"drawMode":0,"name":"Shaded","section":"Shading Mode"},"sceneLighting":false,"audioPlay":false,"sceneViewState":{"m_AlwaysRefresh":false,"showFog":false,"showSkybox":false,"showFlares":false,"showImageEffects":false,"showParticleSystems":false,"showVisualEffectGraphs":true,"m_FxEnabled":true},"in2DMode":false,"pivot":{"x":0.06440666317939758,"y":0.3960569500923157,"z":0.03543519973754883},"rotation":{"x":-0.03479401394724846,"y":0.965317964553833,"z":-0.18854890763759614,"w":-0.1780235469341278},"size":0.35600706934928896,"orthographic":false}